pnr,name,email,flight_id,seat,checked_in
PNR485885,Fatima Chaudhry,fatima.chaudhry@example.com,UA466,4A,1
PNR321866,Sara Khan,sara.khan@example.com,DL474,22D,1
PNR573508,Fatima Butt,fatima.butt@example.com,EY419,11B,0
PNR986729,Kamran Sheikh,kamran.sheikh@example.com,AF122,14E,0
PNR714393,Mohammad Hussain,mohammad.hussain@example.com,QR173,5A,0
PNR122826,Sara Hussain,sara.hussain@example.com,BA110,14A,1
PNR805254,Mohammad Hashmi,mohammad.hashmi@example.com,EY656,31C,1
PNR557537,Nadia Qureshi,nadia.qureshi@example.com,NH997,32C,1
PNR701490,Fatima Mirza,fatima.mirza@example.com,PK341,40A,1
PNR640849,Bilal Rehman,bilal.rehman@example.com,CX412,36D,0
PNR357174,Hassan Mirza,hassan.mirza@example.com,DL296,33B,1
PNR506876,Bilal Baig,bilal.baig@example.com,NH165,27C,1
PNR762052,Sana Butt,sana.butt@example.com,CA672,31B,0
PNR800420,Ali Shah,ali.shah@example.com,AA597,8D,0
PNR257397,Sara Ahmed,sara.ahmed@example.com,SQ269,7A,1
PNR213916,Omar Qureshi,omar.qureshi@example.com,SV298,21C,0
PNR333645,Nadia Baig,nadia.baig@example.com,PK338,1A,0
PNR934489,Kamran Raza,kamran.raza@example.com,EK299,29A,0
PNR557252,Maryam Qureshi,maryam.qureshi@example.com,AF176,11D,0
PNR871416,Sara Shah,sara.shah@example.com,PK338,6A,1
PNR419957,Ayesha Shah,ayesha.shah@example.com,AA711,11E,0
PNR688620,Usman Baig,usman.baig@example.com,NH545,5F,1
PNR365355,Hassan Ahmed,hassan.ahmed@example.com,EK375,28F,0
PNR507821,Mohammad Malik,mohammad.malik@example.com,EY419,16D,0
PNR960268,Fatima Baig,fatima.baig@example.com,AA529,29E,1
PNR668418,Zainab Malik,zainab.malik@example.com,TK379,6D,1
PNR829681,Sana Khan,sana.khan@example.com,QF146,37B,1
PNR504537,Mohammad Qureshi,mohammad.qureshi@example.com,PK868,21B,0
PNR927906,Sana Ahmed,sana.ahmed@example.com,TK723,12D,1
PNR102147,Ahmed Malik,ahmed.malik@example.com,AF122,5C,1
PNR826016,Bilal Hashmi,bilal.hashmi@example.com,QR948,39E,1
PNR184797,Ayesha Butt,ayesha.butt@example.com,KE689,4A,0
PNR214919,Maryam Ali,maryam.ali@example.com,UA468,30E,1
PNR377629,Bilal Ahmed,bilal.ahmed@example.com,BA178,26A,0
PNR136241,Ahmed Ali,ahmed.ali@example.com,QF976,26F,1
PNR976024,Sara Ali,sara.ali@example.com,KE246,16A,1
PNR228625,Kamran Sheikh,kamran.sheikh@example.com,CX209,22D,1
PNR654151,Bilal Ahmed,bilal.ahmed@example.com,SQ665,40F,0
PNR980454,Sana Qureshi,sana.qureshi@example.com,LH785,11D,0
PNR639515,Hina Butt,hina.butt@example.com,SQ683,18C,1
PNR682382,Maryam Shah,maryam.shah@example.com,TK490,9E,1
PNR278335,Nadia Hussain,nadia.hussain@example.com,TK723,33B,1
PNR391703,Mohammad Hashmi,mohammad.hashmi@example.com,TK619,2F,1
PNR106795,Ali Ahmed,ali.ahmed@example.com,CA768,8F,1
PNR233884,Hina Butt,hina.butt@example.com,NH542,14D,1
PNR304714,Sara Ahmed,sara.ahmed@example.com,TK490,8F,1
PNR925071,Bilal Ali,bilal.ali@example.com,AA745,29B,0
PNR116634,Kamran Ali,kamran.ali@example.com,SQ217,23C,1
PNR297591,Ali Chaudhry,ali.chaudhry@example.com,AA977,35C,0
PNR554853,Ali Butt,ali.butt@example.com,QF146,7C,1
PNR806966,Zainab Qureshi,zainab.qureshi@example.com,SQ770,27A,0
PNR975551,Sana Hussain,sana.hussain@example.com,NH414,25B,1
PNR913634,Mohammad Ahmed,mohammad.ahmed@example.com,CA480,26E,1
PNR711282,Sara Malik,sara.malik@example.com,PK589,15D,1
PNR876586,Omar Malik,omar.malik@example.com,AA597,36E,1
PNR317329,Nadia Khan,nadia.khan@example.com,AA711,22B,1
PNR527333,Ahmed Raza,ahmed.raza@example.com,CA607,21A,0
PNR918218,Usman Sheikh,usman.sheikh@example.com,SQ959,4F,0
PNR578702,Fatima Raza,fatima.raza@example.com,CA768,5C,0
PNR824828,Nadia Qureshi,nadia.qureshi@example.com,LH480,22C,1
PNR563183,Omar Mirza,omar.mirza@example.com,NH418,38E,0
PNR862103,Hina Butt,hina.butt@example.com,CA607,17F,1
PNR494717,Zainab Qureshi,zainab.qureshi@example.com,EY897,3D,1
PNR120718,Bilal Malik,bilal.malik@example.com,SV938,3E,1
PNR961519,Sara Hussain,sara.hussain@example.com,QF869,7B,1
PNR809222,Sana Mirza,sana.mirza@example.com,PK208,37C,0
PNR354534,Kamran Ali,kamran.ali@example.com,LH982,6F,1
PNR907286,Hina Hussain,hina.hussain@example.com,PK869,23F,1
PNR664154,Hassan Raza,hassan.raza@example.com,LH703,23E,0
PNR930315,Ayesha Khan,ayesha.khan@example.com,EK187,25D,1
PNR540291,Mohammad Mirza,mohammad.mirza@example.com,CX412,39B,1
PNR512006,Ahmed Mirza,ahmed.mirza@example.com,TK687,15D,0
PNR616366,Usman Baig,usman.baig@example.com,SQ217,14C,1
PNR662021,Mohammad Hussain,mohammad.hussain@example.com,AF176,12C,1
PNR330678,Zainab Qureshi,zainab.qureshi@example.com,AF446,29D,1
PNR526911,Ayesha Rehman,ayesha.rehman@example.com,KE796,34B,0
PNR716797,Ayesha Khan,ayesha.khan@example.com,AF446,12E,0
PNR510379,Kamran Ali,kamran.ali@example.com,EY419,28E,1
PNR448815,Hassan Qureshi,hassan.qureshi@example.com,NH542,32B,1
PNR413578,Ahmed Mirza,ahmed.mirza@example.com,BA292,35A,1
PNR539731,Usman Rehman,usman.rehman@example.com,PK659,36E,1
PNR731343,Kamran Malik,kamran.malik@example.com,QR564,36E,0
PNR398642,Kamran Qureshi,kamran.qureshi@example.com,QR260,2E,1
PNR392862,Bilal Ali,bilal.ali@example.com,CA443,32B,1
PNR886686,Maryam Baig,maryam.baig@example.com,CX412,3C,1
PNR510998,Sana Mirza,sana.mirza@example.com,CA480,13D,1
PNR494262,Ali Baig,ali.baig@example.com,NH418,38E,0
PNR903000,Usman Baig,usman.baig@example.com,AF432,4C,0
PNR739610,Usman Mirza,usman.mirza@example.com,PK340,38F,0
PNR303136,Nadia Mirza,nadia.mirza@example.com,BA321,26C,1
PNR762725,Ayesha Qureshi,ayesha.qureshi@example.com,SV938,1A,1
PNR126850,Zainab Malik,zainab.malik@example.com,SQ974,38E,1
PNR922309,Ahmed Ahmed,ahmed.ahmed@example.com,CA837,29C,0
PNR254277,Kamran Ahmed,kamran.ahmed@example.com,EY897,40B,1
PNR867224,Usman Ahmed,usman.ahmed@example.com,KE779,22B,1
PNR934752,Bilal Shah,bilal.shah@example.com,DL514,14D,1
PNR830155,Ayesha Butt,ayesha.butt@example.com,CX721,30E,1
PNR584742,Ahmed Malik,ahmed.malik@example.com,SV938,16B,1
PNR934556,Usman Baig,usman.baig@example.com,PK211,29E,1
PNR172012,Ahmed Rehman,ahmed.rehman@example.com,NH204,19B,0
PNR742178,Mohammad Chaudhry,mohammad.chaudhry@example.com,BA178,14D,1
PNR540330,Mohammad Chaudhry,mohammad.chaudhry@example.com,AF446,14D,1
PNR813813,Kamran Khan,kamran.khan@example.com,BA747,19B,0
PNR761728,Mohammad Shah,mohammad.shah@example.com,NH706,3C,0
PNR875396,Zainab Khan,zainab.khan@example.com,KE776,16A,1
PNR522286,Kamran Malik,kamran.malik@example.com,SQ269,14E,1
PNR911422,Omar Khan,omar.khan@example.com,QR260,9E,0
PNR389686,Ali Baig,ali.baig@example.com,KE689,14A,0
PNR637436,Nadia Rehman,nadia.rehman@example.com,NH414,38F,0
PNR229846,Sana Raza,sana.raza@example.com,BA257,13E,0
PNR411843,Nadia Hussain,nadia.hussain@example.com,AA597,1B,0
PNR787591,Hassan Ahmed,hassan.ahmed@example.com,SQ269,17D,0
PNR533335,Ayesha Malik,ayesha.malik@example.com,LH557,15E,1
PNR913687,Hina Shah,hina.shah@example.com,DL296,10C,0
PNR169184,Sara Hashmi,sara.hashmi@example.com,LH982,12E,1
PNR129286,Ayesha Khan,ayesha.khan@example.com,AA597,1F,1
PNR696125,Sana Mirza,sana.mirza@example.com,AF499,39F,1
PNR988881,Zainab Ahmed,zainab.ahmed@example.com,LH581,38C,0
PNR774379,Maryam Khan,maryam.khan@example.com,SQ676,11B,0
PNR106215,Ahmed Hussain,ahmed.hussain@example.com,PK228,4D,0
PNR623625,Sara Shah,sara.shah@example.com,BA317,11A,0
PNR412745,Fatima Sheikh,fatima.sheikh@example.com,KE557,16C,1
PNR241914,Sara Mirza,sara.mirza@example.com,DL258,19E,1
PNR287074,Ali Sheikh,ali.sheikh@example.com,QR173,1F,0
PNR488954,Usman Chaudhry,usman.chaudhry@example.com,BA178,21A,1
PNR967795,Sara Sheikh,sara.sheikh@example.com,LH124,12D,1
PNR846863,Kamran Mirza,kamran.mirza@example.com,SV125,1C,1
PNR393393,Nadia Sheikh,nadia.sheikh@example.com,CX194,19C,1
PNR385904,Maryam Rehman,maryam.rehman@example.com,LH124,20C,0
PNR976063,Usman Rehman,usman.rehman@example.com,BA122,8C,1
PNR345746,Omar Khan,omar.khan@example.com,EK885,21E,0
PNR954902,Kamran Raza,kamran.raza@example.com,QF361,26A,1
PNR659186,Zainab Butt,zainab.butt@example.com,LH785,22E,0
PNR326117,Usman Raza,usman.raza@example.com,DL296,15C,0
PNR510339,Ayesha Chaudhry,ayesha.chaudhry@example.com,UA977,25D,0
PNR639421,Kamran Hussain,kamran.hussain@example.com,KE750,8F,1
PNR557878,Mohammad Hashmi,mohammad.hashmi@example.com,KE971,6E,1
PNR204319,Maryam Ahmed,maryam.ahmed@example.com,DL258,24C,0
PNR147844,Hassan Hashmi,hassan.hashmi@example.com,CA617,15A,0
PNR420476,Bilal Khan,bilal.khan@example.com,BA363,10B,0
PNR542281,Maryam Rehman,maryam.rehman@example.com,SQ974,39E,1
PNR509354,Sana Hashmi,sana.hashmi@example.com,KE689,12C,0
PNR855782,Sana Baig,sana.baig@example.com,AF683,23E,1
PNR393395,Ayesha Malik,ayesha.malik@example.com,PK408,23A,0
PNR804004,Sana Khan,sana.khan@example.com,CX412,20E,0
PNR629363,Hassan Rehman,hassan.rehman@example.com,SQ959,9C,1
PNR751315,Sana Chaudhry,sana.chaudhry@example.com,NH802,13E,1
PNR722015,Fatima Qureshi,fatima.qureshi@example.com,SQ681,6E,1
PNR233536,Fatima Butt,fatima.butt@example.com,AA509,21B,0
PNR136082,Ahmed Shah,ahmed.shah@example.com,LH581,14D,1
PNR732825,Hina Chaudhry,hina.chaudhry@example.com,EY897,16D,1
PNR669407,Kamran Qureshi,kamran.qureshi@example.com,SQ589,12A,1
PNR422173,Nadia Chaudhry,nadia.chaudhry@example.com,EK299,18C,1
PNR364862,Sana Shah,sana.shah@example.com,NH505,30D,1
PNR605702,Fatima Shah,fatima.shah@example.com,BA178,14D,0
PNR353783,Ayesha Khan,ayesha.khan@example.com,PK290,12E,0
PNR181155,Zainab Mirza,zainab.mirza@example.com,BA377,25E,1
PNR510045,Maryam Hashmi,maryam.hashmi@example.com,QR505,1B,0
PNR917221,Ayesha Ali,ayesha.ali@example.com,EY376,36F,1
PNR315124,Zainab Hussain,zainab.hussain@example.com,KE779,35F,1
PNR436555,Ayesha Hussain,ayesha.hussain@example.com,KE557,2B,1
PNR869345,Hassan Ali,hassan.ali@example.com,SV365,4A,1
PNR555917,Zainab Sheikh,zainab.sheikh@example.com,EY870,27D,0
PNR185425,Mohammad Baig,mohammad.baig@example.com,PK228,30D,0
PNR438691,Usman Malik,usman.malik@example.com,QF869,40D,1
PNR728819,Maryam Mirza,maryam.mirza@example.com,SQ665,4E,1
PNR722322,Mohammad Butt,mohammad.butt@example.com,PK939,6B,0
PNR233629,Ayesha Baig,ayesha.baig@example.com,PK576,13C,0
PNR663838,Kamran Mirza,kamran.mirza@example.com,CA617,9D,1
PNR593713,Mohammad Khan,mohammad.khan@example.com,SV203,10B,1
PNR367494,Mohammad Shah,mohammad.shah@example.com,EY636,37D,1
PNR271001,Bilal Chaudhry,bilal.chaudhry@example.com,TK957,39D,1
PNR819582,Nadia Qureshi,nadia.qureshi@example.com,AA768,3A,1
PNR111785,Sara Shah,sara.shah@example.com,SQ730,2F,0
PNR917617,Nadia Qureshi,nadia.qureshi@example.com,EK885,7B,0
PNR499262,Omar Qureshi,omar.qureshi@example.com,QR281,15D,0
PNR391621,Kamran Ahmed,kamran.ahmed@example.com,BA747,17A,1
PNR706089,Ayesha Butt,ayesha.butt@example.com,BA257,10C,0
PNR945280,Zainab Ali,zainab.ali@example.com,AA597,27E,1
PNR350098,Nadia Sheikh,nadia.sheikh@example.com,KE955,37F,1
PNR724814,Bilal Hussain,bilal.hussain@example.com,EK885,21E,0
PNR181551,Hina Sheikh,hina.sheikh@example.com,CA768,22F,0
PNR351629,Kamran Rehman,kamran.rehman@example.com,KE776,22F,1
PNR187125,Bilal Mirza,bilal.mirza@example.com,QF780,11A,0
PNR298325,Ali Ali,ali.ali@example.com,DL534,8E,1
PNR132094,Ahmed Sheikh,ahmed.sheikh@example.com,AA768,3F,1
PNR116317,Hassan Raza,hassan.raza@example.com,SV791,32A,1
PNR294954,Sara Ahmed,sara.ahmed@example.com,SQ886,8B,0
PNR679265,Sana Malik,sana.malik@example.com,TK865,13F,0
PNR521638,Ali Qureshi,ali.qureshi@example.com,NH545,25A,1
PNR966385,Usman Hashmi,usman.hashmi@example.com,PK939,36A,0
PNR125686,Bilal Raza,bilal.raza@example.com,CX721,33E,1
PNR484468,Sara Hashmi,sara.hashmi@example.com,SQ730,22C,1
PNR977626,Ali Baig,ali.baig@example.com,PK991,35B,1
PNR472328,Omar Mirza,omar.mirza@example.com,KE557,11C,1
PNR937290,Usman Qureshi,usman.qureshi@example.com,DL534,18B,1
PNR705334,Fatima Mirza,fatima.mirza@example.com,QF673,29C,0
PNR117015,Ahmed Ahmed,ahmed.ahmed@example.com,QF146,8C,0
PNR184126,Hina Hussain,hina.hussain@example.com,PK659,38C,0
PNR485920,Zainab Rehman,zainab.rehman@example.com,CA768,12E,0
PNR507828,Hassan Baig,hassan.baig@example.com,DL258,22D,1
PNR578037,Hassan Hussain,hassan.hussain@example.com,TK723,10E,1
PNR734773,Bilal Shah,bilal.shah@example.com,QF513,23C,1
PNR260495,Ayesha Malik,ayesha.malik@example.com,SQ665,3A,1
PNR412174,Sana Rehman,sana.rehman@example.com,SV125,5D,0
PNR929720,Kamran Baig,kamran.baig@example.com,BA363,10D,0
PNR604259,Zainab Khan,zainab.khan@example.com,SQ314,28C,1
PNR902696,Usman Hashmi,usman.hashmi@example.com,AA573,16E,1
PNR625383,Kamran Shah,kamran.shah@example.com,CA131,3A,0
PNR754850,Hina Raza,hina.raza@example.com,EY870,30C,0
PNR133113,Hina Raza,hina.raza@example.com,PK869,11B,1
PNR933093,Nadia Raza,nadia.raza@example.com,EY944,24E,1
PNR138339,Zainab Baig,zainab.baig@example.com,SQ217,24F,1
PNR579322,Mohammad Chaudhry,mohammad.chaudhry@example.com,BA292,2F,0
PNR872967,Mohammad Baig,mohammad.baig@example.com,QF361,4E,1
PNR942403,Ayesha Qureshi,ayesha.qureshi@example.com,BA122,17E,0
PNR232309,Ahmed Rehman,ahmed.rehman@example.com,TK957,40D,0
PNR283398,Zainab Hussain,zainab.hussain@example.com,LH557,33F,1
PNR175627,Hina Shah,hina.shah@example.com,SQ974,13B,0
PNR643675,Ali Mirza,ali.mirza@example.com,DL514,6B,1
PNR597214,Ahmed Hashmi,ahmed.hashmi@example.com,TK858,1D,1
PNR611399,Omar Mirza,omar.mirza@example.com,AF291,19B,0
PNR617769,Usman Malik,usman.malik@example.com,SQ676,22A,1
PNR920151,Zainab Mirza,zainab.mirza@example.com,NH505,6D,0
PNR512268,Ayesha Khan,ayesha.khan@example.com,BA808,1E,0
PNR546646,Maryam Hashmi,maryam.hashmi@example.com,NH802,31E,0
PNR211408,Ayesha Ahmed,ayesha.ahmed@example.com,LH523,8D,1
PNR482803,Usman Ahmed,usman.ahmed@example.com,BA110,9B,0
PNR644911,Hina Shah,hina.shah@example.com,EY845,22A,0
PNR916222,Bilal Raza,bilal.raza@example.com,SQ681,25D,1
PNR795345,Zainab Mirza,zainab.mirza@example.com,LH982,34D,0
PNR281900,Ali Malik,ali.malik@example.com,QR387,39E,1
PNR642139,Ayesha Qureshi,ayesha.qureshi@example.com,PK290,36E,0
PNR587046,Sara Butt,sara.butt@example.com,SV845,15D,0
PNR988756,Ahmed Rehman,ahmed.rehman@example.com,SV845,18B,0
PNR528258,Zainab Hussain,zainab.hussain@example.com,DL249,10D,1
PNR799167,Bilal Butt,bilal.butt@example.com,EK187,7F,1
PNR437461,Sara Qureshi,sara.qureshi@example.com,UA285,34E,1
PNR308727,Kamran Khan,kamran.khan@example.com,QR426,31A,1
PNR791613,Ahmed Hussain,ahmed.hussain@example.com,DL503,21C,1
PNR623907,Ayesha Raza,ayesha.raza@example.com,CA617,1C,1
PNR654496,Hina Ahmed,hina.ahmed@example.com,AA158,7D,0
PNR599199,Hassan Butt,hassan.butt@example.com,UA285,15E,0
PNR948817,Bilal Chaudhry,bilal.chaudhry@example.com,UA189,5A,1
PNR442784,Bilal Sheikh,bilal.sheikh@example.com,NH414,39D,1
PNR335880,Ali Hussain,ali.hussain@example.com,NH386,20C,0
PNR445578,Mohammad Raza,mohammad.raza@example.com,SV807,32A,1
PNR193753,Sara Qureshi,sara.qureshi@example.com,AA745,27B,1
PNR311764,Omar Sheikh,omar.sheikh@example.com,AA745,12B,1
PNR725488,Ali Malik,ali.malik@example.com,SV938,12A,0
PNR807955,Sara Qureshi,sara.qureshi@example.com,QF891,1E,1
PNR321677,Ayesha Butt,ayesha.butt@example.com,QF146,11B,0
PNR353586,Ali Malik,ali.malik@example.com,UA855,13D,0
PNR526756,Ali Qureshi,ali.qureshi@example.com,NH386,31C,0
PNR253335,Mohammad Shah,mohammad.shah@example.com,SQ665,33F,1
PNR944880,Nadia Shah,nadia.shah@example.com,BA178,14B,0
PNR168908,Omar Mirza,omar.mirza@example.com,SV791,1E,1
PNR779683,Hassan Ali,hassan.ali@example.com,SQ730,33D,1
PNR593541,Ali Chaudhry,ali.chaudhry@example.com,QR426,23A,1
PNR578945,Sana Raza,sana.raza@example.com,QR281,40E,1
PNR761060,Ali Shah,ali.shah@example.com,KE777,29B,1
PNR861243,Omar Baig,omar.baig@example.com,EY897,23A,0
PNR935502,Hina Raza,hina.raza@example.com,AA300,18E,1
PNR173066,Kamran Chaudhry,kamran.chaudhry@example.com,AA400,12B,0
PNR449465,Ayesha Hashmi,ayesha.hashmi@example.com,SQ886,12F,1
PNR984252,Ahmed Qureshi,ahmed.qureshi@example.com,SQ665,12C,1
PNR518600,Usman Hussain,usman.hussain@example.com,NH505,34B,0
PNR510005,Ayesha Sheikh,ayesha.sheikh@example.com,PK939,28B,1
PNR651265,Maryam Sheikh,maryam.sheikh@example.com,PK188,23B,0
PNR329669,Mohammad Sheikh,mohammad.sheikh@example.com,UA468,20B,1
PNR223106,Hassan Chaudhry,hassan.chaudhry@example.com,CX319,32C,0
PNR147198,Kamran Hussain,kamran.hussain@example.com,CA274,20B,1
PNR750433,Ali Chaudhry,ali.chaudhry@example.com,TK858,11B,1
PNR473202,Sara Raza,sara.raza@example.com,QF891,9C,1
PNR292524,Nadia Mirza,nadia.mirza@example.com,SV125,28A,1
PNR225538,Hina Raza,hina.raza@example.com,UA189,33C,0
PNR827720,Fatima Mirza,fatima.mirza@example.com,UA468,20C,1
PNR811660,Usman Qureshi,usman.qureshi@example.com,UA285,3D,0
PNR613020,Mohammad Shah,mohammad.shah@example.com,SV365,30C,0
PNR293303,Omar Hashmi,omar.hashmi@example.com,SQ772,19C,1
PNR417575,Ayesha Mirza,ayesha.mirza@example.com,BA747,24E,0
PNR214205,Maryam Malik,maryam.malik@example.com,AA549,21E,1
PNR601047,Omar Hashmi,omar.hashmi@example.com,SQ676,36E,1
PNR391776,Ayesha Ali,ayesha.ali@example.com,CA443,3F,1
PNR735409,Hina Sheikh,hina.sheikh@example.com,QR173,18E,1
PNR606656,Bilal Khan,bilal.khan@example.com,AA126,36A,0
PNR327859,Maryam Ahmed,maryam.ahmed@example.com,PK939,40B,0
PNR932863,Ayesha Qureshi,ayesha.qureshi@example.com,PK340,12F,0
PNR102469,Fatima Hussain,fatima.hussain@example.com,AA673,26C,0
PNR473847,Zainab Hussain,zainab.hussain@example.com,BA122,38A,0
PNR428250,Bilal Rehman,bilal.rehman@example.com,BA794,20F,0
PNR271495,Usman Butt,usman.butt@example.com,SQ681,38A,1
PNR833870,Sara Hashmi,sara.hashmi@example.com,PK659,29E,1
PNR114222,Zainab Hussain,zainab.hussain@example.com,PK576,1B,1
PNR140899,Zainab Hashmi,zainab.hashmi@example.com,LH523,40F,1
PNR438518,Sara Sheikh,sara.sheikh@example.com,CX412,11F,0
PNR573756,Mohammad Mirza,mohammad.mirza@example.com,SQ665,33C,0
PNR964557,Fatima Malik,fatima.malik@example.com,CA931,18E,1
PNR147362,Usman Raza,usman.raza@example.com,LH703,11B,0
PNR269576,Sana Rehman,sana.rehman@example.com,UA468,4E,0
PNR833766,Hassan Qureshi,hassan.qureshi@example.com,KE246,23D,1
PNR874723,Maryam Hashmi,maryam.hashmi@example.com,KE354,16D,0
PNR267809,Zainab Rehman,zainab.rehman@example.com,PK589,16C,1
PNR836099,Bilal Sheikh,bilal.sheikh@example.com,TK957,27D,1
PNR127650,Sara Malik,sara.malik@example.com,TK687,16B,1
PNR197576,Ali Hashmi,ali.hashmi@example.com,NH505,34F,1
PNR403616,Usman Ali,usman.ali@example.com,AF176,15D,0
PNR734535,Maryam Butt,maryam.butt@example.com,UA855,2C,1
PNR489686,Mohammad Raza,mohammad.raza@example.com,KE246,21D,0
PNR785850,Omar Chaudhry,omar.chaudhry@example.com,LH699,36F,1
PNR933531,Kamran Khan,kamran.khan@example.com,EY897,5D,0
PNR284937,Fatima Hashmi,fatima.hashmi@example.com,PK290,4D,1
PNR578606,Bilal Baig,bilal.baig@example.com,NH505,19F,1
PNR354054,Zainab Rehman,zainab.rehman@example.com,PK126,7C,0
PNR859459,Maryam Raza,maryam.raza@example.com,QR260,30F,1
PNR925075,Ahmed Hussain,ahmed.hussain@example.com,QF274,7D,1
PNR757456,Omar Shah,omar.shah@example.com,AF499,33C,0
PNR360237,Ahmed Qureshi,ahmed.qureshi@example.com,CX209,29B,0
PNR457243,Hassan Malik,hassan.malik@example.com,EY419,5B,0
PNR776823,Fatima Rehman,fatima.rehman@example.com,NH997,7B,1
PNR266345,Kamran Sheikh,kamran.sheikh@example.com,SV629,1C,0
PNR311199,Fatima Chaudhry,fatima.chaudhry@example.com,EY870,1C,0
PNR870919,Ali Hussain,ali.hussain@example.com,SQ269,34D,1
PNR796490,Mohammad Hussain,mohammad.hussain@example.com,QF361,24F,1
PNR962506,Ayesha Hashmi,ayesha.hashmi@example.com,UA189,16B,0
PNR224268,Omar Ahmed,omar.ahmed@example.com,SQ772,26F,1
PNR921196,Hina Qureshi,hina.qureshi@example.com,EK299,32C,0
PNR996687,Sana Rehman,sana.rehman@example.com,KE246,18A,1
PNR366066,Bilal Hashmi,bilal.hashmi@example.com,SQ522,33B,0
PNR420478,Fatima Shah,fatima.shah@example.com,QF780,34B,1
PNR169008,Omar Baig,omar.baig@example.com,NH706,4D,0
PNR361427,Usman Baig,usman.baig@example.com,SQ467,35D,0
PNR557766,Maryam Ali,maryam.ali@example.com,TK687,37D,1
PNR492354,Sara Chaudhry,sara.chaudhry@example.com,NH414,31F,0
PNR878962,Ahmed Qureshi,ahmed.qureshi@example.com,BA178,25E,1
PNR873872,Ahmed Hussain,ahmed.hussain@example.com,PK659,14F,0
PNR107700,Ayesha Rehman,ayesha.rehman@example.com,CA837,37D,0
PNR381808,Sana Sheikh,sana.sheikh@example.com,PK991,28C,0
PNR963692,Nadia Mirza,nadia.mirza@example.com,SQ314,19D,0
PNR246104,Ayesha Sheikh,ayesha.sheikh@example.com,QR505,10D,0
PNR586789,Nadia Rehman,nadia.rehman@example.com,BA122,20F,0
PNR899614,Fatima Hashmi,fatima.hashmi@example.com,KE557,26C,0
PNR276939,Omar Sheikh,omar.sheikh@example.com,AF683,7A,0
PNR973139,Kamran Shah,kamran.shah@example.com,QF891,12B,1
PNR173216,Sana Hussain,sana.hussain@example.com,EK187,15C,0
PNR965991,Usman Khan,usman.khan@example.com,LH785,15B,0
PNR343450,Sana Ali,sana.ali@example.com,CA274,17F,0
PNR123802,Ali Khan,ali.khan@example.com,KE750,3A,0
PNR867920,Bilal Chaudhry,bilal.chaudhry@example.com,BA794,29C,0
PNR353046,Mohammad Chaudhry,mohammad.chaudhry@example.com,UA468,30B,1
PNR739938,Hassan Rehman,hassan.rehman@example.com,DL145,30B,0
PNR630446,Usman Mirza,usman.mirza@example.com,PK789,37E,0
PNR205675,Fatima Baig,fatima.baig@example.com,EK299,34E,0
PNR472329,Omar Malik,omar.malik@example.com,KE776,16D,0
PNR197746,Usman Chaudhry,usman.chaudhry@example.com,NH165,32D,0
PNR396378,Sara Sheikh,sara.sheikh@example.com,AA597,38A,0
PNR759174,Zainab Ahmed,zainab.ahmed@example.com,LH527,29F,1
PNR549454,Ali Mirza,ali.mirza@example.com,CA131,19C,1
PNR463439,Ayesha Ahmed,ayesha.ahmed@example.com,EY643,12A,1
PNR296771,Nadia Ahmed,nadia.ahmed@example.com,AA421,5D,0
PNR753510,Nadia Chaudhry,nadia.chaudhry@example.com,SQ561,25D,0
PNR644213,Hina Baig,hina.baig@example.com,CA672,38E,1
PNR320953,Nadia Ali,nadia.ali@example.com,SV544,26A,1
PNR248553,Sana Mirza,sana.mirza@example.com,KE779,31B,0
PNR876045,Sana Malik,sana.malik@example.com,EK871,37C,1
PNR389628,Bilal Malik,bilal.malik@example.com,QR387,1F,0
PNR301805,Kamran Raza,kamran.raza@example.com,SV544,37E,0
PNR396384,Ali Khan,ali.khan@example.com,UA855,11E,0
PNR944231,Sara Hashmi,sara.hashmi@example.com,CA876,27A,0
PNR633121,Fatima Raza,fatima.raza@example.com,SV461,15C,0
PNR579288,Sara Khan,sara.khan@example.com,AA711,35C,1
PNR230112,Fatima Ali,fatima.ali@example.com,QF891,28D,1
PNR215877,Hina Hashmi,hina.hashmi@example.com,CA892,17D,0
PNR544983,Maryam Shah,maryam.shah@example.com,LH703,6C,1
PNR121437,Sana Hussain,sana.hussain@example.com,PK753,11E,0
PNR150183,Ahmed Hashmi,ahmed.hashmi@example.com,KE689,16D,1
PNR953473,Hassan Hashmi,hassan.hashmi@example.com,AA549,4A,1
PNR489161,Ahmed Qureshi,ahmed.qureshi@example.com,NH505,38C,0
PNR460436,Maryam Mirza,maryam.mirza@example.com,SV791,39C,1
PNR140014,Hina Ali,hina.ali@example.com,TK865,25B,0
PNR404968,Nadia Khan,nadia.khan@example.com,CA617,38C,1
PNR331624,Hassan Khan,hassan.khan@example.com,PK341,34C,0
PNR533586,Hassan Ahmed,hassan.ahmed@example.com,CX831,20C,0
PNR643945,Ayesha Raza,ayesha.raza@example.com,AF432,10A,0
PNR320965,Sara Ali,sara.ali@example.com,SQ797,21E,1
PNR525508,Zainab Ahmed,zainab.ahmed@example.com,SQ681,30C,1
PNR822868,Zainab Sheikh,zainab.sheikh@example.com,PK211,33B,0
PNR274377,Sara Butt,sara.butt@example.com,BA257,28B,1
PNR867505,Zainab Qureshi,zainab.qureshi@example.com,SV125,2D,0
PNR178784,Ahmed Hashmi,ahmed.hashmi@example.com,SQ217,33E,0
PNR285647,Fatima Chaudhry,fatima.chaudhry@example.com,EK187,17E,0
PNR553953,Kamran Ahmed,kamran.ahmed@example.com,UA855,14F,0
PNR204494,Hassan Rehman,hassan.rehman@example.com,EY419,3F,1
PNR409535,Zainab Shah,zainab.shah@example.com,AF683,25D,1
PNR725405,Ali Qureshi,ali.qureshi@example.com,BA747,19B,1
PNR110145,Fatima Shah,fatima.shah@example.com,TK666,28E,1
PNR862897,Sara Mirza,sara.mirza@example.com,DL514,11E,0
PNR231973,Hina Butt,hina.butt@example.com,NH204,16F,1
PNR207514,Fatima Hussain,fatima.hussain@example.com,SQ797,30E,0
PNR389422,Maryam Chaudhry,maryam.chaudhry@example.com,EY376,32C,0
PNR623808,Ahmed Shah,ahmed.shah@example.com,SQ561,30D,0
PNR941739,Bilal Baig,bilal.baig@example.com,SQ314,18E,0
PNR538248,Kamran Sheikh,kamran.sheikh@example.com,EY845,29D,1
PNR475030,Kamran Mirza,kamran.mirza@example.com,QR387,35D,0
PNR405276,Nadia Baig,nadia.baig@example.com,SV791,13B,0
PNR865790,Maryam Sheikh,maryam.sheikh@example.com,SV938,11B,1
PNR456081,Omar Hashmi,omar.hashmi@example.com,EY419,26F,0
PNR425693,Kamran Chaudhry,kamran.chaudhry@example.com,SQ886,27D,1
PNR688321,Sana Sheikh,sana.sheikh@example.com,DL258,36E,0
PNR321348,Sara Raza,sara.raza@example.com,NH204,38D,1
PNR575190,Maryam Raza,maryam.raza@example.com,KE689,25E,0
PNR341082,Ali Butt,ali.butt@example.com,LH480,19A,1
PNR489714,Mohammad Butt,mohammad.butt@example.com,CA876,33D,0
PNR840414,Fatima Mirza,fatima.mirza@example.com,AF176,30C,0
PNR210798,Nadia Butt,nadia.butt@example.com,AF176,37C,0
PNR680446,Bilal Ali,bilal.ali@example.com,CX319,37C,1
PNR708923,Hina Mirza,hina.mirza@example.com,UA466,6E,0
PNR313142,Omar Malik,omar.malik@example.com,LH842,18B,1
PNR921736,Sara Hashmi,sara.hashmi@example.com,AA126,34A,0
PNR909626,Nadia Baig,nadia.baig@example.com,LH703,4B,0
PNR344832,Hassan Sheikh,hassan.sheikh@example.com,DL296,39E,1
PNR388486,Ayesha Qureshi,ayesha.qureshi@example.com,PK126,32D,0
PNR466852,Hina Rehman,hina.rehman@example.com,SQ730,24D,0
PNR331086,Omar Sheikh,omar.sheikh@example.com,SQ676,32A,1
PNR204005,Kamran Ali,kamran.ali@example.com,AA509,9A,0
PNR809409,Nadia Qureshi,nadia.qureshi@example.com,AA597,11F,0
PNR446588,Bilal Raza,bilal.raza@example.com,CX194,11E,1
PNR375711,Maryam Hashmi,maryam.hashmi@example.com,SV461,11A,0
PNR611778,Zainab Khan,zainab.khan@example.com,EY636,7C,0
PNR150195,Bilal Hussain,bilal.hussain@example.com,DL514,22E,1
PNR945277,Mohammad Raza,mohammad.raza@example.com,SV365,31D,0
PNR329624,Hassan Ali,hassan.ali@example.com,SQ730,5A,1
PNR510656,Zainab Raza,zainab.raza@example.com,CA480,1B,1
PNR371035,Ali Mirza,ali.mirza@example.com,SQ959,21B,1
PNR937241,Omar Sheikh,omar.sheikh@example.com,CA274,3D,1
PNR379451,Ahmed Shah,ahmed.shah@example.com,EY634,9A,0
PNR541475,Maryam Butt,maryam.butt@example.com,PK789,40B,1
PNR120043,Sara Khan,sara.khan@example.com,CA672,40E,1
PNR412448,Zainab Chaudhry,zainab.chaudhry@example.com,QR173,36A,0
PNR467755,Usman Chaudhry,usman.chaudhry@example.com,TK234,12B,0
PNR355744,Sana Raza,sana.raza@example.com,TK234,35B,0
PNR176458,Hassan Chaudhry,hassan.chaudhry@example.com,SQ772,34A,0
PNR152370,Hassan Mirza,hassan.mirza@example.com,QR564,16D,1
PNR447682,Hina Sheikh,hina.sheikh@example.com,QR948,9F,1
PNR502533,Usman Qureshi,usman.qureshi@example.com,EY656,18F,1
PNR901942,Bilal Hashmi,bilal.hashmi@example.com,SV791,38E,1
PNR908903,Maryam Hussain,maryam.hussain@example.com,KE779,5C,0
PNR148284,Hina Ali,hina.ali@example.com,DL526,10B,0
PNR862511,Ahmed Khan,ahmed.khan@example.com,TK723,13D,0
PNR389245,Hassan Baig,hassan.baig@example.com,QR281,12B,1
PNR356458,Usman Ahmed,usman.ahmed@example.com,SQ522,18F,1
PNR447718,Usman Mirza,usman.mirza@example.com,AA549,7B,1
PNR698432,Usman Rehman,usman.rehman@example.com,QR260,12C,0
PNR895738,Ayesha Malik,ayesha.malik@example.com,SV938,32B,0
PNR413883,Bilal Butt,bilal.butt@example.com,QR948,38F,1
PNR475341,Bilal Chaudhry,bilal.chaudhry@example.com,SV298,26F,0
PNR795209,Sana Ali,sana.ali@example.com,SV723,29D,0
PNR526356,Ahmed Qureshi,ahmed.qureshi@example.com,NH414,35D,1
PNR584037,Nadia Rehman,nadia.rehman@example.com,SV298,11D,1
PNR640480,Nadia Malik,nadia.malik@example.com,LH699,4B,1
PNR821937,Sana Ali,sana.ali@example.com,QR948,40E,0
PNR367793,Hassan Ahmed,hassan.ahmed@example.com,NH542,16E,0
PNR220182,Kamran Chaudhry,kamran.chaudhry@example.com,QF780,32F,1
PNR480139,Nadia Butt,nadia.butt@example.com,BA317,26A,1
PNR137629,Omar Ahmed,omar.ahmed@example.com,CX194,18C,0
PNR664971,Zainab Raza,zainab.raza@example.com,CA443,9A,0
PNR722717,Zainab Khan,zainab.khan@example.com,TK723,22F,1
PNR948762,Bilal Shah,bilal.shah@example.com,SQ314,3E,1
PNR794508,Zainab Malik,zainab.malik@example.com,LH699,7C,1
PNR700672,Hassan Butt,hassan.butt@example.com,PK659,36F,1
PNR791869,Ahmed Butt,ahmed.butt@example.com,QF513,20D,1
PNR271942,Hina Baig,hina.baig@example.com,QF274,33B,1
PNR498872,Hassan Ali,hassan.ali@example.com,DL296,37F,0
PNR852442,Hassan Shah,hassan.shah@example.com,KE779,23B,1
PNR114758,Maryam Butt,maryam.butt@example.com,DL474,40B,1
PNR169021,Zainab Hussain,zainab.hussain@example.com,SV461,5A,1
PNR567541,Ali Shah,ali.shah@example.com,SV629,32E,1
PNR384244,Usman Ali,usman.ali@example.com,AA597,18D,0
PNR916227,Omar Hashmi,omar.hashmi@example.com,EY671,16D,1
PNR484868,Sara Baig,sara.baig@example.com,SQ589,1A,1
PNR976266,Hina Ali,hina.ali@example.com,EY671,3D,1
PNR122527,Sana Rehman,sana.rehman@example.com,CX831,14C,0
PNR523242,Fatima Sheikh,fatima.sheikh@example.com,CA876,37B,0
PNR610220,Bilal Khan,bilal.khan@example.com,KE776,11A,0
PNR966439,Omar Khan,omar.khan@example.com,CA443,36B,0
PNR136337,Omar Hashmi,omar.hashmi@example.com,AA768,39A,0
PNR543459,Usman Hashmi,usman.hashmi@example.com,QF891,1C,0
PNR575486,Bilal Shah,bilal.shah@example.com,AA126,17C,1
PNR165118,Fatima Butt,fatima.butt@example.com,KE779,39B,0
PNR890490,Omar Raza,omar.raza@example.com,SQ589,17A,0
PNR672202,Hina Baig,hina.baig@example.com,CX831,14A,0
PNR299578,Mohammad Chaudhry,mohammad.chaudhry@example.com,AA573,28B,0
PNR757565,Zainab Hussain,zainab.hussain@example.com,SQ797,29E,1
PNR716799,Fatima Shah,fatima.shah@example.com,AA529,21F,1
PNR601633,Ali Ali,ali.ali@example.com,SQ683,15C,0
PNR499346,Ahmed Mirza,ahmed.mirza@example.com,KE796,30C,1
PNR503332,Kamran Ahmed,kamran.ahmed@example.com,PK939,10D,1
PNR351809,Omar Baig,omar.baig@example.com,DL677,19E,0
PNR289685,Usman Rehman,usman.rehman@example.com,AF122,16A,1
PNR599947,Mohammad Hussain,mohammad.hussain@example.com,CX209,24D,0
PNR827562,Fatima Malik,fatima.malik@example.com,CA131,34F,0
PNR487133,Zainab Butt,zainab.butt@example.com,KE689,40B,1
PNR414581,Fatima Chaudhry,fatima.chaudhry@example.com,QF780,10F,0
PNR662465,Mohammad Rehman,mohammad.rehman@example.com,LH982,22F,1
PNR459881,Maryam Mirza,maryam.mirza@example.com,UA285,8F,0
PNR161954,Zainab Butt,zainab.butt@example.com,KE796,1C,0
PNR902684,Sana Sheikh,sana.sheikh@example.com,LH842,35B,0
PNR561271,Mohammad Chaudhry,mohammad.chaudhry@example.com,QF146,4D,0
PNR189336,Omar Khan,omar.khan@example.com,EY636,18F,1
PNR102566,Sana Ahmed,sana.ahmed@example.com,PK126,25E,0
PNR993771,Sara Sheikh,sara.sheikh@example.com,UA466,35F,0
PNR909388,Hassan Ali,hassan.ali@example.com,SV791,16A,1
PNR710390,Fatima Butt,fatima.butt@example.com,SV723,2C,1
PNR695704,Fatima Sheikh,fatima.sheikh@example.com,UA977,6B,1
PNR192825,Usman Hussain,usman.hussain@example.com,CA876,37A,0
PNR459499,Nadia Hashmi,nadia.hashmi@example.com,UA468,11C,0
PNR551045,Hina Hashmi,hina.hashmi@example.com,NH204,30A,1
PNR962961,Zainab Ali,zainab.ali@example.com,SV807,20D,0
PNR619101,Ayesha Hashmi,ayesha.hashmi@example.com,AF122,15C,0
PNR628573,Hina Shah,hina.shah@example.com,EK360,4F,1
PNR904911,Kamran Chaudhry,kamran.chaudhry@example.com,TK619,3E,0
PNR173726,Bilal Sheikh,bilal.sheikh@example.com,UA285,25A,1
PNR920605,Fatima Chaudhry,fatima.chaudhry@example.com,PK991,23C,1
PNR436327,Hassan Chaudhry,hassan.chaudhry@example.com,AA977,32C,1
PNR762258,Usman Shah,usman.shah@example.com,CA274,34C,1
PNR206248,Kamran Malik,kamran.malik@example.com,NH165,10D,1
PNR361689,Hassan Sheikh,hassan.sheikh@example.com,AF623,27F,0
PNR438550,Zainab Hashmi,zainab.hashmi@example.com,TK957,24D,1
PNR685850,Kamran Qureshi,kamran.qureshi@example.com,PK753,17C,1
PNR402026,Sana Khan,sana.khan@example.com,CX831,30C,1
PNR127966,Maryam Shah,maryam.shah@example.com,DL677,35E,0
PNR777765,Ayesha Rehman,ayesha.rehman@example.com,PK576,32D,0
PNR799975,Kamran Ahmed,kamran.ahmed@example.com,TK619,37D,1
PNR252524,Zainab Hashmi,zainab.hashmi@example.com,AF446,7C,1
PNR431186,Ayesha Malik,ayesha.malik@example.com,TK666,23D,1
PNR923157,Mohammad Hashmi,mohammad.hashmi@example.com,AA158,29A,0
PNR352120,Ahmed Baig,ahmed.baig@example.com,TK666,36C,1
PNR967228,Mohammad Butt,mohammad.butt@example.com,SV629,30B,0
PNR296359,Maryam Khan,maryam.khan@example.com,PK991,11A,1
PNR158538,Bilal Shah,bilal.shah@example.com,TK957,12A,0
PNR455432,Kamran Chaudhry,kamran.chaudhry@example.com,AF989,40B,0
PNR982574,Omar Qureshi,omar.qureshi@example.com,CX209,22E,0
PNR728537,Bilal Butt,bilal.butt@example.com,QF513,30A,1
PNR887526,Ali Rehman,ali.rehman@example.com,NH706,25A,1
PNR951932,Maryam Shah,maryam.shah@example.com,AF499,32C,1
PNR817746,Kamran Hussain,kamran.hussain@example.com,TK619,20D,1
PNR883476,Maryam Shah,maryam.shah@example.com,LH124,22C,1
PNR666629,Omar Sheikh,omar.sheikh@example.com,KE750,40A,1
PNR107633,Nadia Mirza,nadia.mirza@example.com,SV791,23A,0
PNR414445,Hina Mirza,hina.mirza@example.com,DL474,37D,0
PNR818049,Hina Mirza,hina.mirza@example.com,DL514,2C,0
PNR724290,Mohammad Khan,mohammad.khan@example.com,UA466,17D,0
PNR208388,Mohammad Baig,mohammad.baig@example.com,AA745,39C,0
PNR412495,Ali Sheikh,ali.sheikh@example.com,AA977,33A,0
PNR873866,Fatima Hussain,fatima.hussain@example.com,EK299,13A,1
PNR542113,Nadia Qureshi,nadia.qureshi@example.com,QF274,2E,1
PNR292851,Sara Mirza,sara.mirza@example.com,CA672,16C,0
PNR651930,Sara Sheikh,sara.sheikh@example.com,CX194,16D,0
PNR332271,Fatima Hussain,fatima.hussain@example.com,BA321,14F,0
PNR703384,Kamran Qureshi,kamran.qureshi@example.com,CA443,27E,0
PNR885927,Sara Khan,sara.khan@example.com,PK991,24F,0
PNR627969,Nadia Mirza,nadia.mirza@example.com,PK338,9B,1
PNR769524,Hina Hussain,hina.hussain@example.com,EY944,9C,0
PNR288865,Ali Baig,ali.baig@example.com,EK360,20B,1
PNR461116,Hina Mirza,hina.mirza@example.com,NH165,20B,0
PNR742780,Nadia Mirza,nadia.mirza@example.com,SQ314,25A,0
PNR560088,Zainab Khan,zainab.khan@example.com,AA573,23F,1
PNR824462,Ali Sheikh,ali.sheikh@example.com,KE557,16D,1
PNR740231,Zainab Chaudhry,zainab.chaudhry@example.com,EK187,37A,0
PNR762775,Zainab Hashmi,zainab.hashmi@example.com,LH480,19B,1
PNR227992,Kamran Shah,kamran.shah@example.com,KE777,11B,0
PNR684528,Nadia Qureshi,nadia.qureshi@example.com,NH414,3D,0
PNR590460,Sara Rehman,sara.rehman@example.com,LH523,15E,0
PNR863099,Omar Qureshi,omar.qureshi@example.com,PK290,34C,1
PNR262313,Sara Sheikh,sara.sheikh@example.com,AA573,25C,0
PNR344857,Kamran Raza,kamran.raza@example.com,TK696,4D,1
PNR129132,Hassan Ali,hassan.ali@example.com,SV938,10F,0
PNR707840,Ali Mirza,ali.mirza@example.com,NH505,30B,1
PNR572386,Ayesha Ahmed,ayesha.ahmed@example.com,TK723,40B,1
PNR466645,Fatima Butt,fatima.butt@example.com,DL857,25D,0
PNR411346,Fatima Hashmi,fatima.hashmi@example.com,BA363,3F,1
PNR310910,Zainab Hashmi,zainab.hashmi@example.com,KE557,1A,0
PNR318200,Zainab Malik,zainab.malik@example.com,BA377,22A,0
PNR839859,Mohammad Mirza,mohammad.mirza@example.com,BA321,29A,1
PNR536452,Mohammad Raza,mohammad.raza@example.com,CX412,5C,1
PNR307797,Maryam Hussain,maryam.hussain@example.com,BA317,12C,1
PNR263663,Kamran Mirza,kamran.mirza@example.com,SV125,38D,1
PNR742406,Hina Ali,hina.ali@example.com,BA257,9B,1
PNR102204,Kamran Sheikh,kamran.sheikh@example.com,SQ314,30B,0
PNR791665,Mohammad Ahmed,mohammad.ahmed@example.com,AA745,12D,1
PNR814468,Mohammad Chaudhry,mohammad.chaudhry@example.com,AF683,26B,1
PNR229737,Ali Malik,ali.malik@example.com,SQ772,1D,1
PNR348778,Zainab Sheikh,zainab.sheikh@example.com,QF780,34B,0
PNR498998,Ahmed Qureshi,ahmed.qureshi@example.com,NH545,2C,1
PNR522414,Zainab Hussain,zainab.hussain@example.com,SV807,36A,0
PNR791040,Nadia Sheikh,nadia.sheikh@example.com,QF361,17B,0
PNR765277,Bilal Baig,bilal.baig@example.com,QR387,13B,0
PNR924416,Kamran Butt,kamran.butt@example.com,NH505,37B,1
PNR653999,Zainab Khan,zainab.khan@example.com,QR564,15C,1
PNR588787,Fatima Raza,fatima.raza@example.com,CX831,27E,0
PNR149112,Maryam Ahmed,maryam.ahmed@example.com,QF869,27C,1
PNR317524,Ali Shah,ali.shah@example.com,PK576,2E,1
PNR343620,Sana Baig,sana.baig@example.com,KE628,27E,0
PNR929011,Usman Sheikh,usman.sheikh@example.com,EY870,23F,1
PNR654258,Zainab Ahmed,zainab.ahmed@example.com,CX831,27D,0
PNR239967,Bilal Khan,bilal.khan@example.com,SV791,15D,0
PNR679788,Fatima Ahmed,fatima.ahmed@example.com,SV723,35C,0
PNR416953,Ayesha Malik,ayesha.malik@example.com,CA131,8B,0
PNR775407,Fatima Sheikh,fatima.sheikh@example.com,AF176,3A,0
PNR401365,Ayesha Ahmed,ayesha.ahmed@example.com,LH703,3C,1
PNR576790,Omar Ahmed,omar.ahmed@example.com,SQ772,11A,1
PNR599807,Ahmed Chaudhry,ahmed.chaudhry@example.com,QF146,1F,0
PNR202480,Mohammad Hashmi,mohammad.hashmi@example.com,CA274,3D,1
PNR545727,Zainab Mirza,zainab.mirza@example.com,QR948,40B,1
PNR517686,Bilal Ahmed,bilal.ahmed@example.com,SV365,22E,0
PNR917064,Sara Khan,sara.khan@example.com,EK375,21D,1
PNR344270,Hina Chaudhry,hina.chaudhry@example.com,DL526,21D,0
PNR230170,Maryam Rehman,maryam.rehman@example.com,KE796,28C,1
PNR275363,Sara Shah,sara.shah@example.com,EY656,15B,0
PNR526413,Kamran Mirza,kamran.mirza@example.com,NH204,28B,0
PNR302227,Ahmed Qureshi,ahmed.qureshi@example.com,SQ269,30D,1
PNR194167,Hina Hashmi,hina.hashmi@example.com,QR426,37E,1
PNR670828,Maryam Qureshi,maryam.qureshi@example.com,AA421,36B,0
PNR625497,Ayesha Ahmed,ayesha.ahmed@example.com,PK939,25B,0
PNR493491,Sara Raza,sara.raza@example.com,KE689,17E,1
PNR860095,Kamran Ali,kamran.ali@example.com,QF274,14B,0
PNR129140,Mohammad Shah,mohammad.shah@example.com,AA573,16B,0
PNR792932,Usman Ali,usman.ali@example.com,TK490,35B,0
PNR133899,Zainab Butt,zainab.butt@example.com,SQ467,30E,1
PNR851952,Hassan Ali,hassan.ali@example.com,AA573,36E,0
PNR702651,Omar Qureshi,omar.qureshi@example.com,QF780,5A,0
PNR322774,Ali Ahmed,ali.ahmed@example.com,TK666,9B,1
PNR887119,Kamran Ali,kamran.ali@example.com,PK338,38D,0
PNR678131,Mohammad Hussain,mohammad.hussain@example.com,SV298,39F,1
PNR287499,Sara Khan,sara.khan@example.com,LH842,18F,0
PNR267663,Nadia Khan,nadia.khan@example.com,PK576,9D,0
PNR426595,Kamran Hashmi,kamran.hashmi@example.com,AA768,27C,0
PNR566978,Hina Malik,hina.malik@example.com,EY870,35F,0
PNR655904,Maryam Raza,maryam.raza@example.com,UA855,31C,1
PNR159622,Ali Hashmi,ali.hashmi@example.com,EY419,3A,0
PNR892820,Nadia Chaudhry,nadia.chaudhry@example.com,UA977,18A,1
PNR926285,Hassan Qureshi,hassan.qureshi@example.com,CX721,29E,1
PNR755073,Sara Raza,sara.raza@example.com,SQ974,27F,1
PNR377462,Bilal Baig,bilal.baig@example.com,DL145,13A,1
PNR369514,Usman Rehman,usman.rehman@example.com,NH802,15B,1
PNR299562,Hina Malik,hina.malik@example.com,EK885,6E,0
PNR962451,Hassan Ali,hassan.ali@example.com,AA158,25B,1
PNR336164,Mohammad Butt,mohammad.butt@example.com,EK187,35C,1
PNR491435,Nadia Khan,nadia.khan@example.com,QF869,3E,0
PNR660935,Nadia Rehman,nadia.rehman@example.com,PK939,6C,0
PNR278761,Maryam Hussain,maryam.hussain@example.com,BA292,26D,0
PNR737796,Nadia Butt,nadia.butt@example.com,CX831,5E,1
PNR798001,Omar Ali,omar.ali@example.com,QF673,20E,1
PNR563135,Omar Qureshi,omar.qureshi@example.com,AF291,7C,0
PNR984028,Fatima Hashmi,fatima.hashmi@example.com,LH842,22F,1
PNR614785,Hina Malik,hina.malik@example.com,PK338,28C,1
PNR598649,Nadia Khan,nadia.khan@example.com,DL296,24C,0
PNR262394,Sana Khan,sana.khan@example.com,DL258,36C,1
PNR653761,Ahmed Rehman,ahmed.rehman@example.com,CA131,32F,1
PNR311965,Ayesha Hussain,ayesha.hussain@example.com,PK338,14E,0
PNR815941,Sana Chaudhry,sana.chaudhry@example.com,AA126,2F,1
PNR786191,Nadia Baig,nadia.baig@example.com,QF673,24F,1
PNR365301,Sara Shah,sara.shah@example.com,EK375,32D,0
PNR191147,Fatima Rehman,fatima.rehman@example.com,TK379,25C,1
PNR932320,Maryam Ali,maryam.ali@example.com,NH542,7D,1
PNR485216,Sana Shah,sana.shah@example.com,QR173,19A,1
PNR778231,Ayesha Raza,ayesha.raza@example.com,PK576,20A,0
PNR915697,Mohammad Butt,mohammad.butt@example.com,DL296,26B,1
PNR639445,Omar Malik,omar.malik@example.com,DL526,14B,0
PNR442201,Ayesha Shah,ayesha.shah@example.com,DL514,5F,0
PNR993808,Nadia Sheikh,nadia.sheikh@example.com,EK187,23D,1
PNR444886,Zainab Khan,zainab.khan@example.com,AA711,36D,0
PNR875917,Fatima Ali,fatima.ali@example.com,CX412,21C,1
PNR927061,Zainab Khan,zainab.khan@example.com,QF361,7E,1
PNR723522,Ali Sheikh,ali.sheikh@example.com,KE955,1A,1
PNR325317,Ayesha Ahmed,ayesha.ahmed@example.com,NH165,5E,0
PNR863006,Ayesha Hussain,ayesha.hussain@example.com,QR948,23E,0
PNR386452,Usman Ahmed,usman.ahmed@example.com,EY643,34D,1
PNR180539,Fatima Shah,fatima.shah@example.com,TK723,37D,1
PNR100856,Nadia Ali,nadia.ali@example.com,EY897,25E,0
PNR796148,Sana Sheikh,sana.sheikh@example.com,UA285,25C,1
PNR311428,Ahmed Shah,ahmed.shah@example.com,DL514,35F,0
PNR930012,Sana Shah,sana.shah@example.com,NH418,2C,0
PNR687648,Ayesha Ahmed,ayesha.ahmed@example.com,SQ974,34D,0
PNR632902,Maryam Sheikh,maryam.sheikh@example.com,PK869,20C,1
PNR335530,Omar Hashmi,omar.hashmi@example.com,SV461,33F,1
PNR526069,Nadia Chaudhry,nadia.chaudhry@example.com,CA274,32F,0
PNR418719,Sara Baig,sara.baig@example.com,QF146,19F,0
PNR412542,Usman Ahmed,usman.ahmed@example.com,AA421,30F,1
PNR315694,Nadia Baig,nadia.baig@example.com,CA131,31F,1
PNR611174,Maryam Butt,maryam.butt@example.com,UA466,22E,0
PNR413860,Mohammad Shah,mohammad.shah@example.com,PK576,25B,1
PNR762878,Fatima Malik,fatima.malik@example.com,LH842,35B,1
PNR855779,Ayesha Rehman,ayesha.rehman@example.com,CA892,21B,1
PNR632663,Nadia Raza,nadia.raza@example.com,PK338,27B,1
PNR388337,Omar Butt,omar.butt@example.com,QF780,5D,1
PNR379019,Hina Hussain,hina.hussain@example.com,SQ974,36B,1
PNR538229,Maryam Khan,maryam.khan@example.com,KE796,7B,1
PNR583503,Fatima Mirza,fatima.mirza@example.com,BA257,39F,0
PNR291857,Fatima Malik,fatima.malik@example.com,DL296,14E,1
PNR551466,Fatima Ahmed,fatima.ahmed@example.com,UA855,7B,1
PNR372558,Bilal Malik,bilal.malik@example.com,DL258,16E,0
PNR372867,Zainab Ahmed,zainab.ahmed@example.com,KE971,12C,1
PNR947871,Ali Malik,ali.malik@example.com,BA292,14E,1
PNR680575,Zainab Ali,zainab.ali@example.com,DL857,7E,1
PNR841799,Mohammad Chaudhry,mohammad.chaudhry@example.com,QR564,6F,0
PNR275682,Ali Shah,ali.shah@example.com,QF274,17E,1
PNR327786,Bilal Hussain,bilal.hussain@example.com,BA321,19A,0
PNR891013,Hina Butt,hina.butt@example.com,TK865,40F,0
PNR100888,Omar Mirza,omar.mirza@example.com,NH542,28A,1
PNR966001,Nadia Rehman,nadia.rehman@example.com,AF683,1A,1
PNR683136,Sana Baig,sana.baig@example.com,UA466,37C,0
PNR779963,Usman Ali,usman.ali@example.com,KE776,5A,0
PNR131324,Ahmed Raza,ahmed.raza@example.com,LH480,24E,0
PNR579673,Ali Hussain,ali.hussain@example.com,PK869,28D,1
PNR975256,Kamran Sheikh,kamran.sheikh@example.com,NH505,2D,1
PNR390461,Kamran Chaudhry,kamran.chaudhry@example.com,DL249,9E,1
PNR324834,Sara Hashmi,sara.hashmi@example.com,NH505,7D,1
PNR357251,Omar Khan,omar.khan@example.com,BA317,23E,0
PNR243193,Hina Rehman,hina.rehman@example.com,DL857,39D,1
PNR649581,Mohammad Malik,mohammad.malik@example.com,QF274,38D,1
PNR662831,Hina Malik,hina.malik@example.com,TK865,29A,0
PNR321694,Hassan Shah,hassan.shah@example.com,EY636,24D,0
PNR301763,Kamran Rehman,kamran.rehman@example.com,NH545,31F,1
PNR378829,Sara Raza,sara.raza@example.com,SV125,40B,0
PNR302755,Zainab Butt,zainab.butt@example.com,KE689,29E,1
PNR215926,Fatima Qureshi,fatima.qureshi@example.com,CA607,31D,0
PNR844194,Usman Mirza,usman.mirza@example.com,AA529,38C,1
PNR301450,Usman Rehman,usman.rehman@example.com,AF499,3C,0
PNR770023,Ali Raza,ali.raza@example.com,AA673,13E,0
PNR257088,Mohammad Ali,mohammad.ali@example.com,SQ730,19B,1
PNR871562,Omar Shah,omar.shah@example.com,LH842,30C,1
PNR774630,Usman Sheikh,usman.sheikh@example.com,QF513,3B,0
PNR413270,Hina Chaudhry,hina.chaudhry@example.com,NH386,32D,1
PNR584325,Mohammad Malik,mohammad.malik@example.com,LH527,23A,0
PNR682219,Sara Sheikh,sara.sheikh@example.com,SQ886,2F,0
PNR984707,Hassan Khan,hassan.khan@example.com,SQ561,31B,0
PNR920461,Ahmed Khan,ahmed.khan@example.com,QR387,18A,0
PNR856893,Fatima Baig,fatima.baig@example.com,SQ974,22A,0
PNR561956,Hina Baig,hina.baig@example.com,EK360,19D,0
PNR136301,Fatima Ahmed,fatima.ahmed@example.com,AA745,24E,1
PNR802918,Fatima Shah,fatima.shah@example.com,NH414,12F,0
PNR673311,Hassan Mirza,hassan.mirza@example.com,EK187,31E,1
PNR172852,Maryam Butt,maryam.butt@example.com,PK869,8F,1
PNR657370,Maryam Mirza,maryam.mirza@example.com,AA549,20A,0
PNR703188,Nadia Hussain,nadia.hussain@example.com,DL145,28D,1
PNR948678,Ali Raza,ali.raza@example.com,SV461,18D,1
PNR842929,Mohammad Raza,mohammad.raza@example.com,KE777,4D,1
PNR955388,Kamran Ahmed,kamran.ahmed@example.com,QR260,3F,0
PNR773253,Kamran Hussain,kamran.hussain@example.com,DL145,3B,1
PNR897758,Hassan Mirza,hassan.mirza@example.com,CA931,13C,0
PNR582513,Bilal Baig,bilal.baig@example.com,KE628,32A,0
PNR880233,Maryam Sheikh,maryam.sheikh@example.com,KE750,27B,0
PNR750691,Maryam Shah,maryam.shah@example.com,PK340,28A,1
PNR663352,Mohammad Qureshi,mohammad.qureshi@example.com,AF499,19B,1
PNR843633,Hina Butt,hina.butt@example.com,KE796,15C,1
PNR784571,Sana Malik,sana.malik@example.com,UA468,24E,0
PNR122041,Maryam Khan,maryam.khan@example.com,SQ467,15F,1
PNR908663,Fatima Shah,fatima.shah@example.com,SV461,33F,1
PNR629871,Zainab Raza,zainab.raza@example.com,TK957,33F,1
PNR101477,Omar Rehman,omar.rehman@example.com,DL857,32E,1
PNR564286,Zainab Malik,zainab.malik@example.com,SQ730,19B,1
PNR896476,Omar Khan,omar.khan@example.com,SQ589,5A,0
PNR632471,Ayesha Ali,ayesha.ali@example.com,EK187,18E,1
PNR533206,Bilal Hashmi,bilal.hashmi@example.com,PK753,38D,0
PNR601465,Kamran Butt,kamran.butt@example.com,QR948,13E,0
PNR325233,Ali Baig,ali.baig@example.com,SQ797,26B,1
PNR804959,Nadia Khan,nadia.khan@example.com,TK490,17B,1
PNR415659,Ali Hussain,ali.hussain@example.com,TK696,2D,0
PNR706536,Omar Khan,omar.khan@example.com,SV203,26A,0
PNR273828,Kamran Baig,kamran.baig@example.com,KE777,8C,0
PNR568791,Mohammad Baig,mohammad.baig@example.com,DL526,32B,0
PNR939459,Hassan Ahmed,hassan.ahmed@example.com,SV298,9D,1
PNR774029,Kamran Butt,kamran.butt@example.com,LH699,22E,1
PNR717843,Hassan Malik,hassan.malik@example.com,PK789,35B,0
PNR456073,Sara Ahmed,sara.ahmed@example.com,QF274,14A,0
PNR704724,Hassan Shah,hassan.shah@example.com,UA285,38A,0
PNR789859,Mohammad Qureshi,mohammad.qureshi@example.com,SQ561,29A,0
PNR534669,Hassan Shah,hassan.shah@example.com,SQ561,15A,1
PNR700257,Maryam Chaudhry,maryam.chaudhry@example.com,SQ683,18F,1
PNR734365,Hina Ahmed,hina.ahmed@example.com,SQ314,5F,1
PNR500209,Kamran Baig,kamran.baig@example.com,QF891,22F,1
PNR910930,Kamran Chaudhry,kamran.chaudhry@example.com,SQ770,24A,1
PNR584327,Ayesha Ali,ayesha.ali@example.com,CA892,31D,0
PNR704362,Maryam Qureshi,maryam.qureshi@example.com,KE628,11B,0
PNR974428,Usman Hussain,usman.hussain@example.com,DL474,1D,1
PNR489590,Omar Butt,omar.butt@example.com,PK290,35F,0
PNR322505,Kamran Butt,kamran.butt@example.com,AA126,35E,0
PNR891085,Mohammad Malik,mohammad.malik@example.com,BA363,17D,1
PNR539844,Usman Butt,usman.butt@example.com,DL534,23D,0
PNR104010,Nadia Rehman,nadia.rehman@example.com,QR505,5C,1
PNR660718,Ali Ahmed,ali.ahmed@example.com,TK957,23E,0
PNR957320,Bilal Hashmi,bilal.hashmi@example.com,QF146,33C,0
PNR401828,Omar Malik,omar.malik@example.com,KE796,7D,1
PNR353044,Maryam Raza,maryam.raza@example.com,SQ959,9E,1
PNR951318,Bilal Ahmed,bilal.ahmed@example.com,CX319,4F,1
PNR952715,Kamran Qureshi,kamran.qureshi@example.com,QR564,2A,1
PNR505431,Omar Khan,omar.khan@example.com,CA480,36E,1
PNR276321,Sara Shah,sara.shah@example.com,QF976,33D,0
PNR418106,Hina Malik,hina.malik@example.com,CX194,4D,0
PNR525877,Sara Khan,sara.khan@example.com,SV807,40B,1
PNR297061,Ahmed Chaudhry,ahmed.chaudhry@example.com,AA529,7D,1
PNR771531,Nadia Chaudhry,nadia.chaudhry@example.com,SQ217,26B,0
PNR738904,Omar Ahmed,omar.ahmed@example.com,DL474,34D,1
PNR458866,Zainab Raza,zainab.raza@example.com,DL534,10C,0
PNR316731,Ahmed Qureshi,ahmed.qureshi@example.com,QR260,29D,0
PNR826888,Zainab Butt,zainab.butt@example.com,LH785,3B,0
PNR119889,Hassan Khan,hassan.khan@example.com,CA443,7C,1
PNR138144,Hassan Hashmi,hassan.hashmi@example.com,KE557,27C,1
PNR682911,Zainab Hussain,zainab.hussain@example.com,DL857,2A,0
PNR190804,Kamran Baig,kamran.baig@example.com,UA466,36A,1
PNR194243,Ayesha Hussain,ayesha.hussain@example.com,AA509,32A,0
PNR280452,Zainab Sheikh,zainab.sheikh@example.com,SQ217,19D,1
PNR538466,Bilal Khan,bilal.khan@example.com,EK187,3C,1
PNR977763,Hassan Hussain,hassan.hussain@example.com,AF122,25F,1
PNR755768,Ayesha Qureshi,ayesha.qureshi@example.com,PK408,19B,0
PNR347691,Hassan Shah,hassan.shah@example.com,TK687,33F,0
PNR644274,Ayesha Ali,ayesha.ali@example.com,EY944,21F,0
PNR353555,Hassan Mirza,hassan.mirza@example.com,KE557,21D,0
PNR434946,Sana Ali,sana.ali@example.com,SV544,11D,1
PNR842639,Sana Raza,sana.raza@example.com,CX721,18E,1
PNR602076,Bilal Ali,bilal.ali@example.com,KE971,39A,0
PNR491027,Ayesha Sheikh,ayesha.sheikh@example.com,PK868,7D,1
PNR974449,Mohammad Malik,mohammad.malik@example.com,DL526,1C,0
PNR408847,Sana Mirza,sana.mirza@example.com,EY870,35A,1
PNR185827,Zainab Butt,zainab.butt@example.com,QR505,2B,0
PNR903720,Ahmed Ali,ahmed.ali@example.com,EK187,30C,1
PNR248791,Sara Mirza,sara.mirza@example.com,SQ522,9B,0
PNR820994,Hassan Shah,hassan.shah@example.com,LH581,36A,0
PNR490421,Zainab Malik,zainab.malik@example.com,BA363,22A,1
PNR604245,Hina Chaudhry,hina.chaudhry@example.com,BA317,22B,0
PNR687861,Sana Raza,sana.raza@example.com,KE557,3B,1
PNR236414,Mohammad Qureshi,mohammad.qureshi@example.com,LH124,4B,1
PNR919662,Kamran Raza,kamran.raza@example.com,EY643,27B,1
PNR915478,Hina Shah,hina.shah@example.com,PK208,32D,0
PNR121802,Kamran Mirza,kamran.mirza@example.com,QR173,38A,1
PNR122362,Sara Qureshi,sara.qureshi@example.com,DL526,39E,1
PNR217127,Hina Sheikh,hina.sheikh@example.com,QF146,16D,0
PNR437952,Bilal Hussain,bilal.hussain@example.com,AA549,35D,1
PNR270285,Maryam Chaudhry,maryam.chaudhry@example.com,CA892,37E,1
PNR605064,Hassan Sheikh,hassan.sheikh@example.com,PK408,16D,0
PNR285965,Fatima Chaudhry,fatima.chaudhry@example.com,BA321,7B,0
PNR535802,Ahmed Butt,ahmed.butt@example.com,AA977,14D,0
PNR531081,Sana Rehman,sana.rehman@example.com,LH480,16C,1
PNR420495,Sara Hussain,sara.hussain@example.com,CA837,17F,0
PNR657712,Omar Ahmed,omar.ahmed@example.com,QR260,40B,1
PNR106987,Mohammad Mirza,mohammad.mirza@example.com,BA257,21D,1
PNR490266,Sara Butt,sara.butt@example.com,PK188,15F,1
PNR626062,Kamran Hashmi,kamran.hashmi@example.com,QF673,10C,0
PNR585512,Hina Hussain,hina.hussain@example.com,AF291,26C,1
PNR866754,Maryam Baig,maryam.baig@example.com,PK188,39C,1
PNR494897,Nadia Baig,nadia.baig@example.com,PK228,24D,0
PNR749011,Kamran Baig,kamran.baig@example.com,QR426,11E,0
PNR147727,Ahmed Shah,ahmed.shah@example.com,AA509,10A,0
PNR747317,Fatima Butt,fatima.butt@example.com,EK375,9E,0
PNR819969,Fatima Malik,fatima.malik@example.com,KE777,19C,1
PNR163629,Omar Rehman,omar.rehman@example.com,TK379,37C,0
PNR470408,Nadia Rehman,nadia.rehman@example.com,SQ561,19A,1
PNR267265,Zainab Ahmed,zainab.ahmed@example.com,BA292,11A,0
PNR801914,Omar Chaudhry,omar.chaudhry@example.com,TK687,32B,0
PNR884035,Hina Malik,hina.malik@example.com,BA747,37B,1
PNR395719,Sara Raza,sara.raza@example.com,KE354,12A,0
PNR686220,Kamran Ahmed,kamran.ahmed@example.com,SQ772,24C,1
PNR188734,Maryam Qureshi,maryam.qureshi@example.com,AF683,27C,0
PNR665778,Ahmed Baig,ahmed.baig@example.com,SQ217,8B,1
PNR859636,Usman Rehman,usman.rehman@example.com,SV125,6F,0
PNR879092,Fatima Butt,fatima.butt@example.com,BA808,28A,1
PNR500200,Sana Hussain,sana.hussain@example.com,LH982,18A,1
PNR146095,Ayesha Chaudhry,ayesha.chaudhry@example.com,UA189,25A,1
PNR124448,Ali Sheikh,ali.sheikh@example.com,KE796,26E,1
PNR331638,Zainab Chaudhry,zainab.chaudhry@example.com,TK619,22E,0
PNR950019,Usman Hussain,usman.hussain@example.com,TK957,20D,0
PNR392081,Mohammad Raza,mohammad.raza@example.com,EY897,9D,0
PNR669365,Sara Ahmed,sara.ahmed@example.com,NH997,10D,1
PNR550402,Omar Khan,omar.khan@example.com,QF891,27F,0
PNR241493,Kamran Hashmi,kamran.hashmi@example.com,DL503,23B,1
PNR366988,Nadia Baig,nadia.baig@example.com,PK576,16A,0
PNR616565,Kamran Mirza,kamran.mirza@example.com,CX319,17F,0
PNR824343,Usman Qureshi,usman.qureshi@example.com,DL526,24F,1
PNR231396,Ayesha Mirza,ayesha.mirza@example.com,BA122,28A,0
PNR524087,Maryam Butt,maryam.butt@example.com,SV461,10B,0
PNR280420,Kamran Butt,kamran.butt@example.com,EY897,7D,1
PNR443517,Mohammad Hussain,mohammad.hussain@example.com,PK188,11D,1
PNR675675,Fatima Qureshi,fatima.qureshi@example.com,SQ683,22D,0
PNR530745,Kamran Khan,kamran.khan@example.com,AA711,8E,0
PNR242894,Hassan Malik,hassan.malik@example.com,BA317,32F,0
PNR141572,Ahmed Sheikh,ahmed.sheikh@example.com,LH785,8F,0
PNR551059,Ahmed Hashmi,ahmed.hashmi@example.com,PK868,35F,0
PNR559785,Ali Hashmi,ali.hashmi@example.com,LH699,22E,0
PNR241666,Zainab Chaudhry,zainab.chaudhry@example.com,KE246,33B,1
PNR161428,Sana Ali,sana.ali@example.com,SQ683,29B,1
PNR554457,Mohammad Sheikh,mohammad.sheikh@example.com,NH542,2A,0
PNR497801,Sana Rehman,sana.rehman@example.com,KE750,23D,1
PNR461729,Kamran Ali,kamran.ali@example.com,KE776,37F,1
PNR850544,Zainab Chaudhry,zainab.chaudhry@example.com,PK126,26E,1
PNR150913,Hina Raza,hina.raza@example.com,TK696,39F,1
PNR300862,Bilal Hashmi,bilal.hashmi@example.com,TK666,30C,1
PNR741308,Hassan Malik,hassan.malik@example.com,NH386,21A,1
PNR182891,Zainab Sheikh,zainab.sheikh@example.com,CX209,1B,1
PNR248403,Nadia Raza,nadia.raza@example.com,CX831,31C,0
PNR479756,Sara Qureshi,sara.qureshi@example.com,CX209,17F,0
PNR619316,Nadia Shah,nadia.shah@example.com,CA617,14A,1
PNR265247,Hina Hussain,hina.hussain@example.com,AF176,8C,1
PNR565109,Ayesha Hussain,ayesha.hussain@example.com,PK939,19D,0
PNR305827,Hina Malik,hina.malik@example.com,KE779,33C,0
PNR257508,Kamran Butt,kamran.butt@example.com,SQ269,28E,0
PNR843704,Sana Rehman,sana.rehman@example.com,CX412,20F,1
PNR536680,Hassan Ali,hassan.ali@example.com,DL503,35E,0
PNR920704,Ali Ali,ali.ali@example.com,KE779,26B,1
PNR112660,Hina Raza,hina.raza@example.com,AF623,19E,0
PNR871694,Kamran Mirza,kamran.mirza@example.com,SQ730,19C,1
PNR313102,Usman Butt,usman.butt@example.com,QR505,26C,1
PNR375065,Bilal Butt,bilal.butt@example.com,SQ589,31F,0
PNR301880,Hassan Baig,hassan.baig@example.com,KE971,4A,0
PNR662971,Maryam Shah,maryam.shah@example.com,EK375,31F,1
PNR693881,Omar Raza,omar.raza@example.com,CA443,31A,1
PNR928093,Hina Sheikh,hina.sheikh@example.com,CA480,35A,0
PNR294584,Fatima Rehman,fatima.rehman@example.com,UA855,23B,1
PNR504738,Ali Malik,ali.malik@example.com,UA466,26F,0
PNR224154,Hina Malik,hina.malik@example.com,CA768,35A,0
PNR996281,Nadia Sheikh,nadia.sheikh@example.com,KE777,26F,0
PNR114263,Bilal Ahmed,bilal.ahmed@example.com,PK408,39B,0
PNR742495,Hina Raza,hina.raza@example.com,QR564,28D,0
PNR186289,Omar Ali,omar.ali@example.com,DL249,10B,1
PNR627549,Ali Qureshi,ali.qureshi@example.com,PK868,9C,0
PNR778900,Ahmed Butt,ahmed.butt@example.com,CA837,13A,1
PNR732465,Ali Mirza,ali.mirza@example.com,EK871,16B,0
PNR696365,Hassan Raza,hassan.raza@example.com,DL526,14F,1
PNR979627,Ayesha Rehman,ayesha.rehman@example.com,SV845,19A,0
PNR375474,Ayesha Baig,ayesha.baig@example.com,SV791,27F,0
PNR198641,Kamran Raza,kamran.raza@example.com,BA178,2A,0
PNR236132,Bilal Chaudhry,bilal.chaudhry@example.com,PK408,16B,0
PNR164551,Sara Ali,sara.ali@example.com,SQ797,35B,1
PNR911971,Kamran Malik,kamran.malik@example.com,EY944,36B,1
PNR879483,Hina Hashmi,hina.hashmi@example.com,SQ681,2D,1
PNR539699,Usman Mirza,usman.mirza@example.com,CA443,8C,1
PNR263408,Ali Malik,ali.malik@example.com,SQ886,21B,0
PNR944744,Bilal Shah,bilal.shah@example.com,SV544,3F,0
PNR499756,Fatima Chaudhry,fatima.chaudhry@example.com,QF513,26F,0
PNR819140,Nadia Qureshi,nadia.qureshi@example.com,AA549,9E,0
PNR372333,Mohammad Raza,mohammad.raza@example.com,PK188,25B,1
PNR995343,Mohammad Raza,mohammad.raza@example.com,PK789,14B,1
PNR493267,Omar Qureshi,omar.qureshi@example.com,SV365,36C,1
PNR849368,Ahmed Chaudhry,ahmed.chaudhry@example.com,QF780,24B,0
PNR968428,Zainab Ali,zainab.ali@example.com,DL526,22F,0
PNR267508,Ali Ali,ali.ali@example.com,NH505,27B,0
PNR231773,Mohammad Malik,mohammad.malik@example.com,AA300,6D,1
PNR854156,Ali Rehman,ali.rehman@example.com,SV629,17F,1
PNR849503,Kamran Mirza,kamran.mirza@example.com,TK379,21A,0
PNR536001,Ali Khan,ali.khan@example.com,AA300,3A,0
PNR301346,Usman Hashmi,usman.hashmi@example.com,SQ522,6B,0
PNR252430,Nadia Mirza,nadia.mirza@example.com,PK188,27D,1
PNR905610,Mohammad Baig,mohammad.baig@example.com,KE971,7A,1
PNR740931,Usman Malik,usman.malik@example.com,PK338,37A,0
PNR177019,Sana Malik,sana.malik@example.com,LH699,31D,1
PNR314269,Kamran Butt,kamran.butt@example.com,CA768,35F,1
PNR678982,Bilal Hussain,bilal.hussain@example.com,KE246,16D,1
PNR535600,Zainab Hashmi,zainab.hashmi@example.com,UA189,27F,1
PNR876238,Nadia Hussain,nadia.hussain@example.com,CA131,29A,1
PNR629364,Sara Qureshi,sara.qureshi@example.com,NH165,15E,0
PNR528652,Zainab Chaudhry,zainab.chaudhry@example.com,TK379,16D,0
PNR830900,Ayesha Butt,ayesha.butt@example.com,LH581,9F,1
PNR156215,Fatima Baig,fatima.baig@example.com,BA110,40F,1
PNR634944,Hassan Ahmed,hassan.ahmed@example.com,KE971,5B,0
PNR718841,Nadia Ahmed,nadia.ahmed@example.com,AF122,1B,0
PNR968230,Omar Mirza,omar.mirza@example.com,SQ314,24B,1
PNR628109,Nadia Baig,nadia.baig@example.com,AA977,25F,0
PNR866259,Usman Rehman,usman.rehman@example.com,UA977,30E,0
PNR404253,Hina Shah,hina.shah@example.com,EK360,8A,1
PNR150274,Ali Baig,ali.baig@example.com,EK885,4E,0
PNR913593,Sara Raza,sara.raza@example.com,CA617,4C,1
PNR912120,Sara Rehman,sara.rehman@example.com,BA377,5B,1
PNR529272,Fatima Malik,fatima.malik@example.com,SV791,5D,1
PNR581649,Bilal Rehman,bilal.rehman@example.com,NH505,9F,1
PNR471960,Ahmed Hashmi,ahmed.hashmi@example.com,AF291,28A,1
PNR938499,Hina Baig,hina.baig@example.com,BA317,35A,0
PNR644799,Mohammad Chaudhry,mohammad.chaudhry@example.com,SQ269,26C,0
PNR362593,Mohammad Hashmi,mohammad.hashmi@example.com,DL514,31C,1
PNR245462,Zainab Khan,zainab.khan@example.com,KE628,20E,1
PNR224826,Hina Rehman,hina.rehman@example.com,SQ959,23B,1
PNR900832,Fatima Ali,fatima.ali@example.com,AA126,19C,1
PNR969735,Sana Shah,sana.shah@example.com,PK341,40D,1
PNR977368,Ahmed Rehman,ahmed.rehman@example.com,NH505,11C,1
PNR461961,Ahmed Hashmi,ahmed.hashmi@example.com,BA321,3E,1
PNR751867,Sara Rehman,sara.rehman@example.com,QF891,6F,0
PNR131310,Hassan Butt,hassan.butt@example.com,QR426,15B,1
PNR349798,Bilal Butt,bilal.butt@example.com,PK211,18D,0
PNR427475,Bilal Ali,bilal.ali@example.com,AF683,28A,0
PNR944978,Hassan Butt,hassan.butt@example.com,BA292,30B,1
PNR630248,Omar Malik,omar.malik@example.com,SQ974,22C,0
PNR447213,Mohammad Ali,mohammad.ali@example.com,CA892,2A,0
PNR552912,Hassan Qureshi,hassan.qureshi@example.com,QF780,33E,1
PNR554930,Bilal Khan,bilal.khan@example.com,PK188,37C,0
PNR773376,Sana Hussain,sana.hussain@example.com,BA377,4B,0
PNR418270,Kamran Baig,kamran.baig@example.com,TK858,16A,1
PNR652637,Nadia Qureshi,nadia.qureshi@example.com,QF780,18E,0
PNR739310,Zainab Khan,zainab.khan@example.com,SQ797,29E,1
PNR972571,Ayesha Shah,ayesha.shah@example.com,CA480,9E,1
PNR402508,Zainab Malik,zainab.malik@example.com,PK869,14F,1
PNR168861,Zainab Ali,zainab.ali@example.com,PK340,19F,0
